id,x,y,z
r0,-0.1688509867707031,-3.8108782893580146,3.5426269193848077
r1,-2.477219642972818,-6.473485654084577,-6.304174625049846
r2,-0.8427127296993747,5.590661178767048,-10.202193067806194
r3,-2.8885951973894173,-5.939065316258033,-7.3106443197557915
r4,-5.468136182574578,5.082007246005277,-10.553124385127347
r5,-1.9859011407730158,3.69637334946093,-11.001389513629935
r6,-5.9558979666731675,-2.980896504348586,-1.9556858049977506
r7,-1.4159486713417677,2.3092492697004046,-10.446343137991041
r8,-7.22893502397076,-3.1184592381899545,-3.7217365182406645
r9,-3.0054774340971604,-6.402707762344807,-8.27898760131139
r10,1.6232500153889684,-3.068897024785516,4.532749532237625
r11,-2.6043589391471578,-5.705283014425677,-7.727494474072648
r12,-5.562053384101076,9.637162693768074,-9.61274513598262
r13,0.916537449195731,-1.6709345922745782,3.679490907158018
r14,0.8496616883745461,-2.5972175460996656,4.982597916423578
r15,-2.8423987312765364,3.8013883701605704,-10.751686908804912
r16,-6.168461651031458,-2.4716928768732607,-1.7887893144446712
r17,-5.712919919077707,8.089074924029353,-9.817334312850615
r18,2.124657716049809,-0.9166344061696566,3.5488018276386093
r19,-3.8843654649479045,-7.5193399730456365,-7.69179919424416
r20,-7.067357390040663,-3.88557711805491,-2.9060140116536846
r21,-5.360582507268335,9.226577442049201,-10.719301854609496
r22,-6.826806994982163,-2.2667752158346435,-2.936630581817922
r23,1.021758501439167,-0.4941147736152507,2.4146443967100457
r24,-5.949439652881131,-2.92024956038881,-0.45122202014261226
r25,0.6006069754259803,-2.452725084089959,3.242954073254809
r26,-0.9376721437179035,4.867702456717215,-11.31924046841135
r27,-2.8720496835677083,2.249784608672248,-10.896380127999551
r28,-6.446489042122276,8.8443054276296,-9.000776031580266
r29,-5.1501116892921,-7.5889030746217365,-9.609017544999153
r30,-7.361887598675555,-2.884995743972162,-1.7630778508190785
r31,-5.832158159067495,-4.094274950706827,-2.8929116862369195
r32,-2.7555270705891868,5.095002539437173,-11.944969426249918
r33,-5.680615991774411,7.222913275107031,-9.5989114575504
r34,-3.646650259845322,-6.182574711016824,-8.765561382972292
r35,-5.34878841820472,8.830258357034491,-10.781143802387223
r36,0.9334524785408578,-2.30778052850627,1.6930297931141514
r37,2.0505772622659073,-0.5659128819497272,4.159002743760492
r38,-6.064905255813949,-2.843544719013796,-1.875233297073151
r39,-4.524368512194123,-1.9498902452133715,-3.876379751392522
r40,-7.574259297763368,-2.7569290423151713,-1.7065575279390615
r41,-7.278551519048089,-1.9941557807641168,-3.0178718596135328
r42,1.0956744597671193,-2.522881896508606,3.9259949718093217
r43,-6.652996725316393,8.086719210545604,-8.89982744102347
r44,-5.033533467566374,-7.466836610145172,-9.607941767213076
r45,-6.1118880621658045,-3.418844859407017,-0.9617351707920363
r46,-7.663744950227449,-3.5171975522351158,-0.8020415317587022
r47,-6.2705627816462535,-3.2103215664689433,-3.4181689542020806
r48,-5.720074460847208,-2.5548798968538193,-2.194446631600746
r49,-3.946408486672982,-6.286231306858375,-10.43103846305872
r50,-6.892322636183032,8.487977303418582,-9.868820343966973
r51,-3.3594516449028,-7.8145860006434935,-7.042636554215503
r52,-5.38882116073421,5.468584179806603,-9.856307812721056
r53,-6.078262105251425,5.770100849915255,-8.720193944386729
r54,0.23271730501952181,-0.7949155158959021,3.1740041130426526
r55,-0.06039503432542104,-2.3049388893611926,4.57785672144761
r56,-2.7919683606307606,-6.156557446625119,-6.643331272040544
r57,-3.6394355905361753,5.525104758326264,-9.277852720796528
r58,-2.8682078744152193,-6.757079561223772,-7.670685903705193
r59,-3.0283202415598116,3.328376180677349,-10.290088072296596
r60,-1.7704043668060414,5.820972595358228,-11.414357505328145
r61,0.636864535935527,-2.667749947462684,4.016333722012184
r62,-0.899071091426386,-0.29769235415026984,4.082260814307189
r63,-3.6692379793361765,-4.588742554765824,-9.293550389459613
r64,-5.684415998637264,8.816584378342112,-8.715823828646563
r65,-4.064130851307249,6.628337103113093,-9.734070035220835
r66,-1.9942921274286847,4.118701091591482,-10.072440708659498
r67,0.4390754590626271,-2.295933353031274,-0.1086192537193309
r68,-2.7746815747581923,4.275400117881861,-10.658192814106101
r69,-4.507025230981711,6.527305613254455,-10.558064065970267
r70,-5.302832234964472,-2.6651457152233604,-1.8531566780302893
r71,-4.671749315301018,-3.8351752542185436,-1.249495783345996
r72,-4.5350036373943,7.529056119951966,-10.857013135681358
r73,1.711865170448545,-2.343656530317196,2.3027021905840965
r74,-4.5294028734157346,-5.12675686725794,-7.120700146239178
r75,-1.9302655382119651,4.6877370514262084,-11.251733247175014
r76,-0.39608119344052417,-1.6806859135200687,3.5297246132641815
r77,1.9839883401022465,-0.38697698318038753,4.407004814908298
r78,-6.447980836490053,-8.110169024717313,-7.756309126161201
r79,-1.0337484350385018,2.7951260560548166,-9.937614765755303
r80,-2.9493791377866616,-5.623072000145444,-9.025431954265098
r81,1.575347438478227,-1.6510195710055424,2.9778255062350887
r82,-0.9793477443273195,6.2753738877083,-9.847007219746917
r83,0.6642815870448155,-1.297962965728513,4.036963356365603
r84,-3.93496638834428,-0.3731962930364152,-1.5997216356396753
r85,-2.717845130448195,4.304541383994892,-9.949992717056457
r86,-1.196987864585992,3.4914566464555463,-9.115324028750702
r87,-6.182789316974509,-1.8786618899133323,-3.74749635092836
r88,-0.29252720175441094,5.080205943608202,-11.289275206451546
r89,-5.4438463439241005,8.642806934555301,-8.932235866469801
r90,-1.4159783565067618,2.9428928197434976,-10.577689746527106
r91,-1.017737561991339,-1.0055689855395995,4.086539790347164
r92,-1.8293339292002737,3.865345238049265,-9.45976489068822
r93,-3.6906867297324455,7.62102986675516,-10.177903137687585
r94,-1.2229471347797103,4.444711508918531,-8.507635503507776
r95,-0.5486571130964115,4.158625682077182,-11.32613716409779
r96,0.5908942452651657,-1.8844994782995217,3.5072216235571894
r97,-0.986046448578675,3.634195445514259,-10.091589538920433
r98,-6.450152664316955,-1.6185067664907058,-3.165888335044661
r99,0.22053499273529442,4.643216409106584,-9.31753272446874
r100,-6.219063836873051,-3.2726785665294704,-3.5780356698898235
r101,-5.950150061396585,7.073915436480844,-9.011361983628923
r102,-0.660508666194636,4.098319128204061,-9.63187416056008
r103,-0.07848308961541206,-1.3266045291157407,2.115392760101768
r104,0.9382308051403716,4.043574254632554,-10.914647000771032
r105,-0.8958794484908608,5.825488448551479,-10.372039533935977
r106,-4.9772739660648915,-6.61910861954168,-8.88408729016916
r107,-5.21167773728741,-7.19026193743852,-7.226645442608228
r108,-3.810395806867826,-7.714715658972347,-8.688318490051108
r109,-1.4550042759702806,5.200269397267032,-9.969789066141988
r110,-7.534844351170085,7.975470026735417,-8.106268415992636
r111,-3.969964970668774,-5.7624510697668665,-9.524160873542694
r112,-6.674325427805332,-4.077111398660763,-1.3267668149801948
r113,-4.196221694607429,-5.98091734072744,-7.883549888577084
r114,-2.3380908056402405,4.34060065769966,-11.48174904935393
r115,-3.6132037336547835,-6.619766421952703,-8.028132165344381
r116,-6.961149478161458,8.659549054407448,-8.688204540479964
r117,-1.4784924893287383,5.213977818871414,-9.185177315125904
r118,-4.5679680046686055,-6.2901089225510365,-9.551488685673416
r119,-1.4573208505018556,4.861442110375647,-10.396980675572692
r120,-6.9627120121866435,-4.740830184393719,-2.735490343562452
r121,0.8923602491058799,-1.4330361175193924,0.7080616748574129
r122,-0.07481525923467514,5.634726820351995,-10.004677083842157
r123,1.173632991954904,-2.245547943427155,2.9299858418742093
r124,-4.300444517099079,-8.2715481228631,-6.857741095497848
r125,-2.4264373259393337,-7.408832796211829,-9.491250788399748
r126,-6.725648621159175,-4.307999243952007,-1.5857400240097925
r127,-1.3683817481720604,4.514552523927919,-10.197245418987073
r128,1.7937391227276993,-1.5912995537827568,5.6031537491193175
r129,-6.134312346164639,-1.859112248795871,-4.643479017677171
r130,-4.037156187977437,-6.749302858581207,-8.077291098108246
r131,-6.430474544427568,9.310019915229468,-9.365619887527664
r132,-5.048411540039298,7.775836461794169,-10.683293747513947
r133,-1.1971391159757574,5.09132635926025,-10.593172833737492
r134,2.07933376176568,-2.6815384789070134,3.7813505489937946
r135,-6.3543846619294655,-2.7675980635886415,-2.6058175074712384
r136,-6.241259791650057,7.153030116334207,-8.691283879077886
r137,-7.830290263987532,8.614545232774974,-8.87584066477352
r138,-1.5984566904459845,-8.549336224007877,-8.222577162967545
r139,-2.763694763932792,-7.4858320321616505,-6.640159063208846
r140,-6.318768046529655,9.585806262470463,-8.172361147267669
r141,-3.213251307400755,-7.353477091818721,-9.667279301885186
r142,-1.615682598901935,3.76515570317197,-9.052795103004627
r143,-0.8498213824518451,2.9683849977278243,-8.338659895532459
r144,-5.864619851990369,6.789558379134006,-8.25209692243997
r145,-7.433192538205456,-3.8894581717799657,-1.4169200926351437
r146,-0.029172848620844016,-0.7457761603412273,3.2623640571817187
r147,-5.638628588868043,-7.113740422791014,-8.42387878999866
r148,-5.4348538425005115,-3.788440126165025,-1.0432550915922616
r149,-3.0966421787127936,5.284945693540015,-9.972249967985908
r150,-6.197573985190713,-2.443253379890442,-1.6161755247948033
r151,-6.752363815467493,8.01169140293168,-9.727758873383717
r152,0.894692850715305,-1.9490850145873764,3.7788870549985827
r153,-4.99784915581495,-7.2318081544155355,-8.619832818451405
r154,-7.286364717925036,8.046829816390904,-8.849712150477435
r155,-5.921802727871271,-8.28630576839926,-6.96855392735815
r156,-5.148020382406724,-2.235798246177442,-2.113029026769414
r157,-7.042712241423617,8.308385471745943,-9.455770510309058
r158,-2.987833819857527,-6.992556263596474,-7.409399612805636
r159,-6.833872456225175,-3.0895820898417923,-2.190755372649795
r160,-5.079203526197695,-5.269513578841127,-8.568038258963965
r161,-0.7062959600356578,3.972249118838159,-8.746598431781518
r162,-7.553334778681592,-2.6087309684039797,-2.574500939584685
r163,-1.068657154166623,4.444444939850102,-10.950436522399071
r164,-0.9913459741868212,5.349954266405883,-10.388989318091642
r165,-0.13740913058209592,-3.171312922801161,4.744217475403996
r166,-1.7799818544308166,5.238718017201868,-10.198440130206432
r167,-1.6366739311341527,5.2637241436862645,-9.813781925817866
r168,-6.491859902993607,-3.3993258011074055,-2.0405306127271357
r169,-3.0018643496126898,4.225765687190648,-10.1169194774256
r170,0.8154023501375851,-2.382474599678093,4.84235995892974
r171,-4.292111867521257,-0.9851129843025213,-1.7235428971200233
r172,-7.0334136580502955,6.831368861952526,-8.369940344426976
r173,2.5021656136152535,-0.5493748773548714,2.839765717859606
r174,-7.042722885768761,9.438497350973538,-9.369281457209176
r175,-1.9070749212681324,4.181362393251124,-9.618020623678968
r176,-2.8605835588939073,4.327445889941651,-9.207819158446933
r177,-3.8630073636555537,-6.4701474794870455,-8.771720523981571
r178,-2.48657445224024,-7.029296510718344,-7.13746310821674
r179,-7.440375412848841,7.5388880015020945,-8.30539917280008
r180,-2.5194665126825733,6.17909749820859,-11.10807555838941
r181,-0.8101729673942899,-0.10366878014298186,2.5695188816289596
r182,-7.6280054056777065,-3.144699992505625,-1.4928724891205076
r183,0.4502344369864204,-2.9469250972334544,2.019661875306049
r184,-6.869722371688873,7.078924398149837,-10.205026783941417
r185,1.5705449453617342,-2.031595486997394,4.943302114429294
r186,1.124786227546163,-2.675168784098298,3.456075471438173
r187,-7.6533565193853414,-3.009666211931767,-4.141663893497974
r188,-6.58328203295259,8.35190990812335,-9.791958978504217
r189,-1.6658639312082406,4.2061899846005,-9.787899351071683
r190,-6.884765587611354,7.619241824599544,-8.217259898697776
r191,-5.977241818754225,7.491437721653423,-8.130699381760133
r192,0.0007392175146547775,-0.3197446630693719,4.276433427784097
r193,-4.846003590877704,-8.146192247536895,-9.489158097917185
r194,-6.323334224228586,-3.6941381464428096,-1.6657736295219427
r195,-6.8483179045036415,-2.4332147295001376,-0.8127065453956728
r196,-6.557808219943243,7.545585452367208,-9.5957820814417
r197,-1.0402150679370652,3.6427977291723592,-9.032825224611493
r198,-5.973351698481918,7.18934947475263,-8.415721402967307
r199,-6.103420388487224,-3.9459238662991662,-1.297387781053053
r200,-3.3397887938391224,-8.625743951513481,-6.656968377960739
r201,-6.099075289665627,-3.212129835886197,-2.1727087729181243
r202,-6.184672946149937,9.464516164241843,-9.442613203101628
r203,-3.2593634694950007,-8.534271263901784,-7.635898094017775
r204,-3.8842625896524363,-7.290731209828116,-9.36717215310387
r205,-3.866983385147959,-7.99783246036265,-6.876723311125641
r206,-4.054152208672463,-10.24701107274085,-8.817416240697078
r207,-1.3628357153620958,3.4692025939326263,-9.976701223661035
r208,-6.4155116891897706,-4.999435034863955,-1.0548553567189825
r209,-2.4075136474210694,3.825692645586569,-10.108466475542103
r210,-1.538301394145597,3.69125221010861,-9.969699934026801
r211,-6.604020937325049,8.336581081823136,-10.117327239298117
r212,-3.669585261200923,-6.662090890968277,-7.084158731115531
r213,-3.3366249790660056,-8.042470774791806,-7.128089995788688
r214,-0.9310243599249665,5.718563820094465,-11.605768909117135
r215,-6.385357234113585,7.881456152514676,-10.834939489281929
r216,-5.787212548630697,8.923320934717463,-8.68580605850456
r217,-6.46598892361308,7.052394192584581,-9.16157645155657
r218,-3.984779857807772,-6.446216937682516,-8.128793872022781
r219,-1.3488056748681165,6.86811818024492,-10.31383619114099
r220,-5.534425167975392,7.236596966137754,-9.556749419669641
r221,-4.019841119777788,-7.03348696402367,-10.021514044628521
r222,1.401998500535275,-1.74786621840936,4.106327458118621
r223,-3.282213745406335,-7.3834998173453,-6.761833708709428
r224,1.289857033893943,1.3389661132314092,5.106314542521899
r225,-8.322984018217893,-3.7385013390588924,-2.4348899974555422
r226,-3.1688522990550494,3.92015693807397,-10.163483164837846
r227,-4.112059835458099,-3.6157561917260126,-0.7110627302066579
r228,-1.4632896984021935,5.313941029451597,-12.132547320160329
r229,-3.557615994211933,-7.881860442747687,-9.15679470417832
r230,-7.856892621357568,-1.527938871549011,-3.519001223580414
r231,-4.443407998799747,-3.683771373111791,-3.0755802023664236
r232,0.309490538268452,-2.4988207685983106,2.470652977916069
r233,0.316770751742946,-1.8545807336813538,2.8448590798454134
r234,0.19061566524280538,-1.926483326468194,4.157259426291356
r235,-7.89629905585352,-2.1560267834325924,-2.406480235429547
r236,2.235863283450975,-0.7043568632491879,4.129099012301936
r237,-0.7671485174655499,-1.1116127182575652,4.691605827596552
r238,1.0195880222605618,-1.245896251243259,3.5612979166446164
r239,-1.713749337875671,-8.009072066379755,-8.797617839896136
r240,-4.916400514332722,-3.8773777644804372,-2.1484353148013557
r241,-6.09182358309704,9.030489593933659,-10.804749833485188
r242,-6.443249974879709,-2.4234162564336144,-1.5308498160662465
r243,-5.152906676178029,6.727610982227024,-7.565756952591315
r244,-0.6942918107611785,4.15775933201397,-8.90804593292946
r245,1.598511880052031,-2.2336056262970088,2.8611277949250775
r246,-3.8040358775452296,-9.854174818650268,-9.09298884955762
r247,-3.4942454065867707,-7.249166006648663,-6.567471023340777
r248,-3.8562255337297575,-8.044985138038424,-8.51099535561212
r249,-3.2376691286586743,-5.33270481355747,-9.249442247992256
r250,-5.188343540876682,7.215281680145919,-9.376510420274002
r251,-3.0952024114374836,-7.111622187712681,-8.925823346778177
r252,-5.894113053536943,-2.3857907063533803,-1.79354286124824
r253,-4.343517081200587,-3.7950034507999,-2.077654402802937
r254,-1.9732378621427993,-7.22088909662037,-6.972501893268319
r255,-7.010533984935312,-2.9565897882688974,-3.0089684043576974
r256,-4.682768654861048,-2.7412504884022093,-1.921049312074187
r257,-4.567139615343261,-8.258989091821718,-9.243188829951352
r258,-7.600616357176142,6.886151152007656,-9.491232458936938
r259,-1.9918847525018863,5.183636387920313,-9.907361323815296
r260,-2.22333798528779,4.213668960053196,-11.05695383485039
r261,-4.287512611686415,-3.065982937118027,-0.7686821969043369
r262,-6.2565338158144685,8.153558700076472,-9.339803250115262
r263,-4.510680856204925,-6.857909707351702,-7.837355921846888
r264,-6.359514659458268,-4.834104762180671,-2.354633874285441
r265,-7.799506457077045,-2.1968134736272455,-0.9975900121420482
r266,-2.507803820995835,4.239890296893831,-9.08051648310908
r267,-1.4322771579920426,-2.8144165273575057,2.151338048655819
r268,1.4355490706182519,-1.9070229417520899,3.0591767732733106
r269,-0.6407613614980516,-2.1638617730246974,3.784041417093759
r270,0.626393935723648,-1.672853629816449,3.7184394429658223
r271,-6.011098140589603,7.550393162231468,-10.639244814647856
r272,-6.674960377647671,-2.861872540674187,-3.6149990152256093
r273,-4.932102433733269,9.551443773123749,-8.69000760535357
r274,-5.147477722393093,-3.196161785122535,-1.873656410871756
r275,-5.277470947705081,-2.17483913272722,-3.6663363135637477
r276,1.6906186023906722,-1.9239788093212016,1.525906886902845
r277,-1.8019291041516259,5.21278972460746,-10.681640633040711
r278,-6.814229630841622,-2.0399561607759606,-3.275111971442921
r279,-2.153658535063801,-7.38531720269281,-9.222477323415413
r280,-5.533070743794078,-3.119195236647819,-2.132866424069101
r281,-0.2691483562582,-2.0505519611852945,3.2439093927585647
r282,-2.7332350738480637,4.343386934961044,-10.314445378669257
r283,0.4452102921678641,-0.247137093628929,4.62813340875509
r284,-4.732453872765279,-6.229550470587924,-9.639684240085256
r285,1.6933809361997636,-1.3313351043849664,4.229741210597807
r286,-1.4047308941128638,4.339712092290127,-9.354937842454895
r287,-5.801254979974101,-1.4875748372452922,-1.531596514629252
r288,-4.183902673782843,7.185729146191558,-10.64117516365144
r289,-6.240887334166018,8.176047343767857,-9.641399639456054
r290,-1.978562152944561,4.39134273749148,-10.116821836674017
r291,-3.9541537163322045,-5.0047084181513135,-8.657893109031033
r292,-7.320342226301165,-2.9537698305390143,-3.4982359664748244
r293,-2.2031823954891316,5.4901074994763,-9.875906417993825
r294,-5.207284495341145,8.346246875726221,-7.5096477370007255
r295,-4.131726468027985,-7.977017560790578,-6.943649457079505
r296,0.8571898677969001,-0.8717679501045751,4.827499463209369
r297,-5.573617153021105,-3.447561137814604,-1.7417989597648202
r298,-4.381506058669114,-2.692233521692867,-1.3455858360189992
r299,-4.213178526026669,-6.949939521289186,-9.50202736530666
r300,-4.049375359186347,-6.7764254540129665,-6.519479111957541
r301,-5.259600537448326,7.935363314141073,-10.164364540010576
r302,-6.534072557988704,-3.2220371653163764,-1.9795596574040555
r303,1.0724840966918374,-2.004983599884104,5.157565925137437
r304,1.4669845179807466,-1.4645094882540368,3.7439779821701316
r305,-6.303330074053895,-2.1113266314029433,-3.6705587094628904
r306,-6.351454333918821,7.17217551840587,-10.230523694948229
r307,-0.646364527460831,-2.0597992064904362,3.5782334097657458
r308,-1.2836754701515767,5.154538345131003,-11.186170159190286
r309,-1.775254660106449,4.259869767650971,-8.228313962875019
r310,0.1568346178735216,-0.892491658809967,3.0252955413703826
r311,1.190213533650394,-1.231986282325803,3.560598795852547
r312,-3.224938222401825,-6.891423858522556,-7.169844102902698
r313,-5.2804979032967285,7.899628002219013,-8.79523546631152
r314,-4.039564018081428,-2.3372287970715164,-2.2590966009390643
r315,-5.830722488548398,5.672304525962932,-10.497508681331507
r316,-6.34356340122233,5.528009964544429,-8.67450838130428
r317,0.6148666274968038,-1.5554630766270048,4.840014553858776
r318,-3.7506872954212103,-6.38914673147359,-9.484626418756077
r319,-2.975919574913511,-8.706638832630137,-9.552313612802703
r320,-5.300884658369287,-4.456642251008365,-0.24618237772890095
r321,-5.255157990365884,-6.677471604269875,-10.01906489341581
r322,-5.142802893319867,-7.241654360967398,-7.943295797251125
r323,-5.151283614299054,-2.0486590908035427,-1.913596854731979
r324,-0.6064258687425939,5.312354864205264,-9.13345178817465
r325,-1.1719656998495362,6.145562896736056,-9.928742698723877
r326,-3.7073872478291015,-5.581188091393074,-8.22259988890361
r327,-6.56956488653252,-2.0900935596068875,-1.1048825088202734
r328,-7.652943804547964,-1.7093924227992294,-1.396533170060143
r329,-7.888787758547817,8.183548641078046,-9.929932511486314
r330,-4.195105655504254,-8.378958571214511,-7.606240184107307
r331,-6.507475525969574,7.44173708679431,-9.888041610733193
r332,1.38424431052904,-0.158588908273672,3.3535270683752714
r333,-4.348929336208835,6.989756186759215,-8.772609620319097
r334,0.3927894624107391,-0.5036413999673028,3.871255165871213
r335,-6.384269820344509,8.091648140813964,-10.675715588746225
r336,-5.665862697433754,8.493321379006272,-9.494740208270098
r337,-4.521031668140694,-6.51811866475388,-8.91867347959732
r338,-1.8714728290492166,2.8597658004483133,-8.95251187650452
r339,-3.563230515095013,-8.069563506295975,-7.838451913781013
r340,-2.51139732151874,4.497248440584926,-8.835510033721471
r341,-5.396531209569044,-2.538679690280393,-1.9664916408428053
r342,-4.745936314775051,8.448777215661513,-7.49948662521693
r343,-2.916101005721605,-6.5632780158675414,-7.090817759012223
r344,-6.136545254711241,-4.123628566763861,-1.5699627878586782
r345,-6.176012230807521,8.124907298419568,-10.12006689225137
r346,-1.005919648532339,4.3173349211566325,-9.096840857745459
r347,-5.923235007927136,7.600651498063986,-11.125992370086179
r348,0.04529648848322043,-1.7852733606857971,2.9691877811521414
r349,-7.045046541533569,-0.9715552419707412,-2.3870189299173505
r350,-0.4449437765406643,4.62067133481316,-9.557549054366433
r351,2.1154866706904407,-0.083386428242332,4.131833374727805
r352,-3.6293935386257483,5.127248731185973,-9.977524898523908
r353,-0.33712914281846884,5.38964859922147,-8.740522539997299
r354,-6.701013206536114,8.283801488367827,-9.81804003742905
r355,-2.748556872955369,-7.157630928598858,-6.183027370793016
r356,-1.268277251223188,6.618404743008209,-10.159957129723814
r357,-4.158074526682223,-6.674095567837209,-6.564137457782065
r358,-5.045094740256316,-1.947710123560075,-1.5494076133788
r359,-7.359326512274564,8.321212791417949,-10.521507685454093
r360,-6.610762649378694,-4.075755502609064,-2.9759288782551496
r361,-7.651886272359751,-3.136430142732437,-2.438850804899478
r362,-3.6902959713864973,4.663832634453996,-9.8168412819959
r363,-4.365328295673596,8.059071480386754,-10.286413473167565
r364,-2.6885203913248965,5.013430199376005,-11.864162965311781
r365,-6.407433152951574,-3.8471726343607093,-3.449179914545051
r366,-6.516680825864773,-3.1369243163537863,-2.0810974033386027
r367,-1.129313132741645,5.852621282440945,-8.861122981963744
r368,-4.344379019938549,-7.332922647480903,-7.509344639897277
r369,-5.330248302856477,-6.909570684308667,-7.562666401311317
r370,-0.5176173865694988,3.276894709538287,-10.847764880846327
r371,-5.236692238115179,-7.827879162571571,-7.909251890208742
r372,-2.176304335493623,4.6774899827165575,-11.244262950741224
r373,-7.560225016516693,8.123629984501596,-8.569324269527916
r374,1.2357689577966084,-1.5623289498849284,3.449888930621381
r375,0.27924921541634573,-1.8902630037282206,3.350734446876102
r376,-4.995302553098686,7.256690319337165,-9.952820325287728
r377,-4.517396212082366,-7.020742347673899,-8.433316168226016
r378,-3.18177488773867,-5.993658500411892,-6.975245862554596
r379,-2.24596301782867,5.866487250722397,-10.275790392299843
r380,-8.364377138009724,8.501157017536185,-10.136736927435106
r381,4.159196274483159,-1.1954207577363671,3.809043684522726
r382,-2.3853504974843727,3.3402662947184343,-9.612827005514763
r383,-1.1362259644545358,4.821801123051557,-9.414324970005598
r384,-6.038492856223071,-4.6612261679817415,-2.8778563242971087
r385,-4.263293792310954,6.904219626860628,-9.83050421010831
r386,-6.021881987818838,6.964624862797216,-9.832718800147266
r387,-3.7397270957138744,3.953062303386756,-10.176707123436499
r388,-4.990750873746399,-6.598723511857166,-8.10513107662673
r389,-6.905727312710419,-1.5397095129999498,-2.9321239332908537
r390,-1.1890003132926656,3.0079116412733313,-9.448829606078304
r391,-5.759123132606198,-3.870129933791925,-1.3841019444744305
r392,-2.6022154761702945,4.234389899390106,-8.823485089706072
r393,-0.49942718026937905,-1.201165471484386,4.725410768050471
r394,0.7414880554437647,-0.8871881841704579,5.024964451006213
r395,-3.0112777087011775,7.493601044379283,-8.201288942485288
r396,-1.141028075831166,5.43917726008483,-9.234283869940526
r397,1.0894149318125608,-1.7263176602308652,3.0793847385783013
r398,-5.933956534709936,7.063294329471531,-8.799328480675314
r399,-7.5777342304704725,-3.260170638538712,-1.196578032832258
r400,-1.4222010740080668,2.7969686044506563,-10.394198392719048
r401,-5.61165340442113,8.432552508076734,-9.35558339468029
r402,-3.230721765012964,-8.251045699840338,-9.123933923920447
r403,0.5374276318374425,-1.8629298223493547,3.305557226230217
r404,-4.640993893227109,-7.188550220782026,-8.266282875582716
r405,-5.727319647733301,7.2198599911246175,-10.28270373019827
r406,-7.332062506178815,-2.271622501664369,-2.056957860011892
r407,-7.339019101915608,7.33710851391704,-6.642886793682493
r408,-1.6340313759834966,5.795760604064273,-9.693529835710311
r409,-1.4486578745410252,4.8282690234936485,-9.415787319877662
r410,-5.807992958389912,-4.118875930442002,-2.076259966724106
r411,-5.866127040471103,-6.512891947611649,-8.653488870146647
r412,-3.9348515874569205,-7.59651331690316,-8.158938458623508
r413,-6.357022228950048,-1.8488604982764083,-3.5946217519884645
r414,-3.472983468903461,5.953938445569392,-9.672655076087707
r415,-5.6191834365149385,-4.405861863599032,-2.2835230157067885
r416,-1.5843055205564605,4.02600408005167,-10.366462880519892
r417,-5.413544587116557,-8.357411808566127,-7.991783676648002
r418,-3.4221097442713444,-5.653407032451815,-7.675056462454832
r419,-0.3378405219489542,-2.5464376666298527,4.226008337281471
r420,-5.546260575526276,-8.031634390193819,-7.7251254332699615
r421,-3.064120514631732,6.386180395475407,-10.591731923183527
r422,-3.8588295251092966,-1.4787121594236372,-3.513255557269163
r423,0.8914802472909564,-0.8657092470755873,2.759101993678872
r424,-3.1959295968011627,-6.6939692203178245,-8.78517048900507
r425,-6.6330906605632665,8.647116254546624,-8.453951556602195
r426,1.3101065079439076,-1.687152006765088,1.574208745345945
r427,-6.556949011106334,-1.4466208210784564,-1.391052643937544
r428,0.4962983956965182,-0.9913348387849832,2.932530447695692
r429,-4.649565146264346,7.920109164678462,-8.868844164357938
r430,-3.1919485699386527,-7.4947558785931605,-7.032587979734431
r431,-3.298728510216592,-6.764687144739746,-7.760541052709469
r432,-4.421539886470904,5.770093225784857,-8.578564625243049
r433,-4.3281859635944615,-6.900433271199976,-7.75970706397401
r434,-5.626877702124246,-6.400488202321584,-8.140240147778115
r435,1.1610610855074643,-2.063505987953102,3.6986077336888656
r436,-5.803936794361358,-4.245681635945638,-1.4900799132304727
r437,-4.624290273643788,-5.3701653054418985,-7.421614587329036
r438,-7.120291767553512,-2.1049996821220662,-1.8041535138414233
r439,-5.139106150696431,-7.555188770185875,-7.77897418779099
r440,-3.882213373353773,-7.712967893714388,-7.592300959441957
r441,-0.7861416714065105,4.295106498171847,-11.035751268195918
r442,2.2162199299575542,-2.0403753803339644,2.882041384323517
r443,0.9876631444693929,-3.083876048016272,4.200103428123585
r444,-5.75641736253856,-7.87830946655116,-7.8532668208520615
r445,-6.819078192146103,8.124310017690878,-8.858969832720293
r446,-6.458385295738313,7.285893714000613,-10.450022688179368
r447,-4.80858355744547,-3.0461750755367802,-2.774655086420107
r448,-3.5595092499183036,-6.613088374699384,-6.237245642987173
r449,1.5361906475293452,-1.17370206056437,3.6494606926915276
r450,-7.423144358242524,8.468733983123094,-9.715083740315754
r451,-5.005151427719383,-2.0084842638676124,-1.9116802530197705
r452,2.3565893762412937,-1.009488157828228,4.3344762964197585
r453,-5.267003327676492,-2.9897559082464378,-1.6333438281986254
r454,0.7110492604706237,-0.08200945910079893,2.549564722635217
r455,-4.372162105553214,7.556552728722292,-8.886977518368397
r456,-4.553662499737723,-4.000587575714254,-9.597555699960374
r457,2.7820222555317216,-0.9155894775220502,5.913196842047364
r458,-4.757035020426948,-8.729620502446954,-9.058673324137882
r459,-3.566346359663419,-7.587181169765845,-8.886547638824203
r460,-0.03849505576263046,-2.387330268976801,5.046867530129273
r461,1.3255973121512183,-1.2966722693021053,3.4233054531036657
r462,1.165670095527545,-0.2687204132829273,4.670116551830271
r463,2.5888773209070832,-2.6401234912313827,4.391095885510089
r464,-4.084662578889964,-9.530879427059016,-7.4040427603675605
r465,-4.566731115611322,-3.3444462774571035,-0.712282224047162
r466,-6.582054231540417,7.5183228519379055,-8.060057237009739
r467,-4.622839004437409,-9.060299098838591,-9.2757276814938
r468,-1.601951866001769,5.481744600280958,-9.602143435362873
r469,-4.050305660904035,-2.139334517734122,-1.2397451900554346
r470,-1.8889014760367897,3.862006039999187,-9.732051514201725
r471,-4.733068831202381,-2.3662997692633176,-1.6388935154901225
r472,0.9536847187571069,-2.794997614787085,1.8035819016378016
r473,-2.320568929804887,-7.904135579330586,-6.501313272566134
r474,-4.502035983441826,6.138070444733759,-8.924315526975414
r475,0.445240418550496,-0.8390259702926042,2.29512775433125
r476,-0.9605116957197761,3.2512834947328213,-6.4243534298009255
r477,-6.431314125189927,9.024047467181584,-10.561643187925094
r478,-0.5194313332098646,0.12493691320103051,2.915760615330349
r479,-5.444093434343873,-0.9284426799317722,-3.789555127497183
r480,-3.7501105632074854,-6.359950084601922,-8.540834900068406
r481,-2.021205844573745,4.726568884766753,-9.22382849287208
r482,-7.622027182156852,-3.351164928611743,-1.9814519505014507
r483,-2.269545159809925,4.712902248444285,-8.305886376079936
r484,1.672432459737189,0.7493633091623044,3.45936551039238
r485,-4.457622208236805,6.600963190637861,-9.669379824384976
r486,-5.70689651119303,8.732086883529433,-10.711993044383965
r487,-0.8544554176671073,5.366796300301539,-9.562763049990227
r488,1.6986568922082785,0.5805550888894411,2.865454269044916
r489,-5.858730414675004,7.290093167294578,-9.214689143244016
r490,-1.3201328074367957,4.473786846898166,-9.794906443218128
r491,-6.338699525382358,-3.5529595445994806,-3.505906443340514
r492,0.25049807282923675,-1.4352940288002893,3.5505892176035796
r493,-2.4372226147824354,5.029052665972708,-9.570150429884768
r494,-8.821804444405103,-3.9917845240202254,-2.2400436480046286
r495,1.3002813453259228,-1.1276960546566832,1.889809815414439
r496,-4.76713462438249,6.870980515084771,-8.739840155422884
r497,-2.3652371001914316,-5.509046408828067,-7.95098653363071
r498,2.2896762899168093,-0.5330269447005522,3.8898327752342845
r499,-3.351514615624161,-5.2316884417166225,-6.898331426587266
r500,-4.238629297052304,-8.446689953595715,-7.211141160411445
r501,-7.784575410532857,-2.5238982214570562,-1.2269830116148583
r502,-4.306909848977595,-3.4087031052410475,-1.519337877130725
r503,-3.358536874359847,-6.628740882539865,-9.14781119817871
r504,-1.4267276072213617,4.561883132475636,-9.403987350726014
r505,-5.790117004384691,-3.419231912452489,-1.9890852902982628
r506,-1.0779683118156365,3.499373455480225,-9.566282760005771
r507,-6.141017089832504,9.33021370748346,-9.930047076206268
r508,-3.0708826257880704,-9.2293033189842,-8.32890084094208
r509,-4.787352224399394,-7.2495318458352225,-7.459238932736527
r510,0.2602758348986869,-1.3360850180514863,3.6573348532228978
r511,1.470836319947247,-1.3821651045381946,3.6974318876702976
r512,-1.2018434134820182,2.9443696527535552,-9.734127020141019
r513,1.6720254319342627,-2.6947951987682974,4.095568084692888
r514,-2.309653472194624,4.639654175414734,-9.537226912302858
r515,1.0263950290363058,-2.3508539243586983,2.8586519310140592
r516,-4.210771471796613,-4.829267941624772,-1.2434728198052896
r517,-6.630045036484667,-2.7031372827552067,-2.435540703062893
r518,-4.406190358941356,-7.310177255858842,-7.488300464331524
r519,-0.23309247353324136,4.092702925177646,-8.369688682891638
r520,1.9094091472668244,-1.276366971312613,3.80035508276772
r521,-0.6987399018556377,4.189071693758464,-9.839197619300034
r522,-2.6690397327238355,3.348233306934344,-9.341428424876064
r523,-5.925973495528565,-2.693070114358589,-1.9586734117786742
r524,-5.55384019798694,6.568619849370793,-10.38923390269452
r525,-5.340889893757418,-3.410757004190741,-3.140083330636218
r526,-7.464933836208021,-4.4303179198225235,-2.674530692757867
r527,1.0582075690329922,-1.994851878959269,2.1849719779782126
r528,-0.5939425124059572,4.480642543190449,-8.334767833822823
r529,-3.5745710655275778,-1.8589865960595415,-2.1824050591074307
r530,-3.1708164979028908,-4.8017497385393835,-9.320130712354093
r531,-5.487768177708667,6.767379253906666,-8.955340586380151
r532,-7.247807499529758,-4.426287996880884,-1.4042786175852306
r533,0.03569075277483902,-2.4650239240267804,4.572503895385491
r534,-4.495476128783775,-8.039134665863134,-8.487196170051472
r535,0.7188630842311885,-1.6890703467395372,4.742223176674537
r536,-7.4913018897930534,8.484434573308452,-8.720636213252199
r537,-2.5126184214638516,-7.148160757055107,-9.215721249185725
r538,1.3631946276144904,-1.2006587135977977,3.8568069872441204
r539,-6.899302611834663,-2.7806111851050366,-2.2732869605476607
r540,-6.243400856022038,-2.4011021813526137,-2.0289746467484266
r541,1.5423244785699852,0.39454972853433645,4.68244260743474
r542,-4.821727659930962,-5.503542847442391,-7.111656089881274
r543,-5.592777402094037,8.458099481565682,-8.469712679930833
r544,-5.291223105053931,-7.985917155987683,-8.300137351550966
r545,-2.286424553389324,7.677055568891005,-10.30475310355122
r546,-0.3378082428074811,-1.0267335028265283,3.2880657534396764
r547,-3.2138447059577935,-6.45361752217092,-8.402401987782055
r548,-5.309544666544003,-2.847009025495335,-1.2291475635686557
r549,-4.652786316948658,7.8666815864607775,-11.236164537601901
r550,0.07782476747066025,4.782258645390934,-8.519456827092966
r551,-1.4941967534233433,4.434034228652817,-10.647616273028827
r552,1.251820672666629,-1.3846981033816004,3.7763152666043163
r553,-6.985790513233511,6.821025482844002,-9.355654452231402
r554,-7.311397021403877,7.292525997209792,-8.038344994514727
r555,-5.32151672448946,5.65977610033038,-8.97815669751116
r556,-7.614210836599913,7.792663106367052,-8.673851434292237
r557,-5.10475767234744,8.409683366707222,-8.891040461507082
r558,-7.471798552147872,7.760192314606056,-8.6672623620999
r559,-6.80834702658877,7.995674304006964,-10.550243744193448
r560,-4.82306719350015,-6.647490406282629,-8.74603653056239
r561,-1.1892633185621417,-0.7135317479941549,3.740503691706547
r562,1.2450555813801554,-3.524173250024864,2.640121650548424
r563,0.4179467614907946,-2.32748736909244,1.949907215914213
r564,0.44761417247721597,-1.8332516089166708,3.1912711679592314
r565,-2.902305621213097,6.005972943685627,-7.523293095528313
r566,-2.8246376981531474,-6.664625108928848,-8.36631684661621
r567,-2.084216351304192,5.22655870137012,-11.509035399852896
r568,-6.6066296221321394,-1.7565846023237504,-2.7032204885620907
r569,-4.933061234454067,-6.6567501332898615,-7.226478075188075
r570,-7.768538341806996,-2.295012550876064,-3.336044272239593
r571,-6.350991837779617,-8.318596323258035,-9.402321760096259
r572,-5.668609101911737,-6.314890833864205,-8.512648904808605
r573,-4.612381279115399,8.444700582351086,-9.501100488555169
r574,-6.600750132523886,7.568188385836041,-9.461701123774823
r575,-4.286993556671723,-7.473251000292793,-8.30313143221563
r576,-5.1352443890166946,-3.3210178009650226,-1.3431109125183518
r577,-5.696125906235107,-3.25549315251392,-2.6628439567023765
r578,-4.548818695722107,-3.532067982649691,-1.6335444343638534
r579,-0.050163870933406574,-1.3033810494064046,4.374189192149586
r580,-4.495817187183436,-6.233122120200189,-6.635139782920257
r581,-4.1026914088756525,-8.1659255742812,-9.276961874010178
r582,1.2250028417046792,-3.1096106459153794,4.465496841733006
r583,-3.497535530019722,4.200427457173775,-9.955557061423244
r584,-4.159742032426109,-7.2319885170353455,-7.65047498473936
r585,-5.723591410033688,-3.049512761021057,-2.022117391683831
r586,-3.4231427864519124,-6.738808955554857,-7.052722387504458
r587,-0.19704030839441156,-1.8023536197689285,3.73474946150583
r588,-4.096195257731751,8.339317598588776,-8.526738329378423
r589,-5.930402938039834,-2.866710423495073,-2.887956242475272
r590,1.3472832720895251,-1.7666331183129882,4.973495472075879
r591,-1.0719713382055296,-2.9265747745870474,2.7870484699463214
r592,-5.0968012119027435,-3.2907861538571432,-2.9940490789835517
r593,-6.8653677988488315,9.278193194666958,-10.569894327737464
r594,-6.588514371722937,7.128419764775616,-7.380821307205448
r595,-6.247674683202791,7.2425456756273965,-9.222982736993924
r596,-6.772762126046109,-2.7146453059297504,-3.689514497680826
r597,-5.151816694948261,-8.54832559172139,-7.901116162612775
r598,-5.638635667570079,7.554140397583789,-10.255094790181515
r599,-1.8223255518336,4.586222424349025,-11.960325500890175
r600,-7.6305115562822685,-1.8990229640011962,-2.7537035068831806
r601,-1.3814310602400772,4.336333095525134,-9.368124577016795
r602,-5.716105251655756,-3.633750107907231,-2.412995394658081
r603,-0.5483995314457337,3.940868735544388,-8.119012802341198
r604,-0.9235900569465324,3.0551279004765393,-8.873487099722258
r605,-1.8737424121659165,2.5367809892173216,-10.890171725769486
r606,-1.6627786895254213,3.7400297366027475,-10.769548514488724
r607,-1.1863185149275641,3.756134846544677,-10.77681945868724
r608,1.1344083169522732,-0.9391593266833564,3.684245501890513
r609,-2.292676300995356,4.8811170367301004,-10.482275518149793
r610,-6.025751150440264,7.297391724075677,-9.19143059354937
r611,-1.337777433485804,5.747807700411007,-9.856037319633916
r612,-5.88472767310453,-2.388455317330184,-0.8259180605892573
r613,-5.895915882100159,7.893347789539015,-12.422142246908212
r614,-0.32435793584889017,-1.025974891026178,2.4060613157987176
r615,0.5432788655664262,-2.106721162563688,3.957215018116632
r616,-2.22821798912472,5.681427755266232,-9.24697903845794
r617,-5.266785737586021,-7.03311295216927,-9.324864470179488
r618,-0.8554644791569682,5.34145690529057,-9.741233376921604
r619,-3.5609677254488794,-7.24910281520891,-8.915101601346048
r620,-2.7913228810676056,-7.716925382427263,-8.650758307489129
r621,-5.879368883023213,4.885880635781424,-10.375635643701305
r622,-0.25707324847267277,4.624172418588402,-10.081311961608726
r623,-3.9984829451407675,-6.697959423006065,-8.04355577584361
r624,-5.528831039360027,-2.9931404466512816,-2.1605655727491877
r625,-2.4654169816080174,-5.7394303200689025,-8.649118483587868
r626,-0.28204987856243835,4.491286796243055,-10.508508636034426
r627,-5.321698881956209,-6.133743550926893,-5.571424989270288
r628,-1.7212819717889882,4.64491666053305,-9.922940053761792
r629,-7.0376791695538135,5.573196291358745,-11.033858913273107
r630,0.8217985634010105,-2.480350967678298,6.290599829554203
r631,-4.53761492670038,-6.633306937220625,-8.586312064415978
r632,-4.761030665598804,-7.055864181370707,-7.916942295180077
r633,-7.560507536642719,6.7448217105993935,-9.752942252164548
r634,-7.088450700070422,-3.9393414040028802,-3.472752207328372
r635,-5.747840123157385,7.848498162075454,-9.056637477248648
r636,-4.145398760137557,8.411930137688532,-7.7821063224655465
r637,-3.6576010167562747,-6.674028117749482,-9.865894352781396
r638,1.808700062593836,-1.8070307697486743,2.753976430362667
r639,-1.3329800291672516,3.6785874339685334,-10.70614453130475
r640,-5.462973866714629,7.005585077531819,-8.490189861361857
r641,-6.003236663554288,-3.9391862160291877,-0.485831212733254
r642,-6.673542212780684,-1.430579011262675,-2.985871689768927
r643,-3.097612654257099,-5.838036526974813,-7.761375205418102
r644,-6.255962297630312,7.938512116818299,-8.655651673633589
r645,-5.332466306250922,-4.343349824084357,-3.8866346728329715
r646,-2.4172340473731015,4.994784032762559,-9.650853168804115
r647,1.0740587404370858,-1.0086186158624613,2.9944528269739408
r648,-0.6491844253689654,4.477326512787746,-9.280122677841398
r649,-0.42270619938015574,-2.063617202566452,4.930272207387944
r650,-3.824826955024187,-1.9615097930528393,-3.3823801296566325
r651,-4.120763281230046,-7.12932223579939,-7.0795713880022255
r652,-0.05205286149349675,4.16831250092827,-10.3385407868552
r653,-0.0200703955068271,-2.0216020187915946,1.1823022538204646
r654,-3.8020398624441025,-4.545199465927842,-8.492272672290044
r655,-0.2042405264179168,4.138860315801422,-7.9510038614474166
r656,-5.032171601171331,7.786227537927458,-8.98510396853051
r657,-6.179943701126426,6.563969572456609,-8.54432883987271
r658,0.5266176016187485,3.4797988732177547,-9.595867238925035
r659,-7.8273746422365775,-1.505628632166938,-2.11799227410011
r660,-5.0732877476987595,-5.300493774283748,-3.239523717446686
r661,-5.503325355149184,-3.3964369655583084,-1.353495145330447
r662,-4.545033402972071,8.145522449875433,-9.176861114561301
r663,-4.19610073488893,-5.899610584165603,-7.773414413937982
r664,-7.631272303839993,6.72545190977856,-10.453660409577992
r665,-5.766304952189236,-3.7246678378603626,-2.5689923955768252
r666,-0.9895261949899588,-1.2073846843799596,3.341757206200353
r667,2.1889654376823593,-1.1676182351908528,2.8996770409063166
r668,-4.101386334258256,-8.014400471069976,-9.512629152509422
r669,-4.564315693573048,-2.923053850470593,-2.098752793428826
r670,-4.182113816460901,-7.118720220005098,-8.9909439539696
r671,-3.960629660514326,-7.3037499920856055,-5.945793862926914
r672,1.8338292491154773,-2.30257823084066,4.18568256101539
r673,-4.319585132903621,-3.0263445563608595,-1.8439428568492953
r674,-2.4350908334790393,-8.638247705621268,-8.68213243498805
r675,-2.828418183418177,5.659466657793168,-10.339971706487702
r676,1.877600063076198,-3.0373985286897467,2.9073380959332
r677,-6.9093286095040485,-3.491268211247708,-1.0712443968573884
r678,-6.4291332970393,6.889995157705556,-10.103377383946567
r679,-5.777412121125752,-4.631376477055912,-2.5128040155974904
r680,1.8274193523856495,-1.7166131512999765,3.663777806586792
r681,-6.30617608978265,7.80923304932212,-8.548849697470786
r682,-6.732232469423863,6.0715382658404575,-10.080202173784208
r683,0.11741468147857537,-2.1844824131948792,2.159790579406529
r684,-5.742831419971379,-2.49939437797698,-2.8238354630149316
r685,-5.527845651273235,-6.918669351436678,-7.495665883734194
r686,-3.491268214177444,4.911400211736911,-10.232377211741635
r687,-8.094948811163086,8.248164723229483,-10.382127784302309
r688,-6.807610553519658,-0.8839507321176994,-2.6183609373802903
r689,-2.134667051233812,2.446982433314047,-8.740067271132302
r690,-6.1656978516229595,-4.834048161719602,-2.6286641578481644
r691,-5.916250922440611,-3.1361579605756775,-1.127736315336732
r692,-6.265825475962645,-2.8002137596764736,-0.40713571548886773
r693,1.2177350913048073,-1.1750916879118984,4.348421116399241
r694,-4.75837319799407,-7.192104883677379,-7.210922583795917
r695,-2.0828770467794504,3.16462185602878,-10.483738438007961
r696,0.6444870411273038,-1.4593765884913454,5.031014522098147
r697,-1.545311979399198,5.420245527379841,-10.717747196727961
r698,-2.3392426459409146,3.744125781079007,-10.395187360163755
r699,-0.12728480732274017,-1.0589804969685161,3.2685364722245245
r700,-4.935092096691505,-2.877285232101845,-3.980922510674448
r701,-4.417622337974584,-6.586316026083998,-9.220030903240493
r702,-6.108418004147566,6.782866583798972,-9.647374686099628
r703,-1.3815258263239916,5.096521554984808,-10.915688540836719
r704,0.00250874372781118,-1.5309122976073872,4.729394266203577
r705,-4.5640663650898805,7.982922484505005,-7.936888793445368
r706,-1.5855503053526072,3.953321265570053,-9.39355886257303
r707,-1.924520585076097,5.513772097882008,-11.346449021984542
r708,-6.380787182595938,8.904055128673916,-8.441699919235552
r709,-3.0900585194950163,5.26093277075646,-8.490861862307606
r710,-7.978128892926735,8.667380036347488,-8.858634705106512
r711,-6.410397102392689,-3.471799542659658,-2.494591801692052
r712,-5.210489433080204,-2.5536615321739586,-1.5970305628487507
r713,-1.7626374669996594,5.8158540248714905,-10.0183231499603
r714,-6.437387295132873,-3.7347702685410247,-1.1047239164606661
r715,-1.3484873344144979,4.622204362819253,-10.472460345734254
r716,-2.7315456389078494,-5.575699748989194,-8.539876579686258
r717,1.066307419165475,-2.8461418927400732,2.863146501015844
r718,-6.844420487162038,7.970542400897979,-10.640253862106707
r719,0.9581028004900007,-1.8991216482218558,1.7647811208653026
r720,-5.237456008672871,-3.9782337397502534,-2.3630524612470873
r721,-5.924663881485358,6.974451597020034,-7.549644919799391
r722,-2.0756714859544054,5.656539916718261,-8.749412716332753
r723,-8.256025677286912,7.528335630408689,-8.382517193758723
r724,-2.768060049044701,-6.68027281450431,-8.510525072668166
r725,0.8785891310662477,-2.463961587686783,2.0411935676539623
r726,1.0911054293719522,-0.048856767980537175,4.793534821225303
r727,0.8218062910094556,-1.2235898851174747,2.386075675278473
r728,-2.2312070241605104,4.653998420906408,-11.714003023583833
r729,-4.306939289246429,-6.523867591282239,-9.06265441803047
r730,-5.38882216118589,-3.743952846121936,-0.6175161388882022
r731,-4.135069060371883,-2.690407265398816,-3.481181817822951
r732,-3.3387283608649407,-7.038323887410468,-8.8553041906551
r733,-6.956705164541535,8.233727485533286,-10.7302461378166
r734,-6.932696965512707,7.39520068165847,-9.053718074782497
r735,-6.55857706981191,6.943633541940707,-8.442948376692216
r736,0.893076986442467,-3.4680409583819367,4.287901438029225
r737,0.8507999721155735,-2.4722011636700194,3.1359856501000767
r738,-0.037583226878604825,-1.9947148145710896,2.414337789624879
r739,0.725645908536872,4.28260653962259,-10.321906176911224
r740,-4.770005116117773,-4.081730858476581,-7.812951921780767
r741,2.0877892340487865,-1.8312733636055054,3.9377163770574883
r742,0.7370162359334889,-0.8108893437966073,3.845928298638706
r743,0.8013576248677745,-2.9795845486186803,3.5377301812403728
r744,-5.801890820337454,7.7446908141908875,-6.899701899528884
r745,-5.871132691700452,-0.9324335378790076,-3.20036854389563
r746,-7.439544985878205,7.083160619391273,-7.219308067199545
r747,-1.8461573803238815,5.1497484380363465,-10.416890570026382
r748,-0.35420837859119003,-1.5724399440510488,3.1230014252300116
r749,-5.52738800298563,-7.0462768710061985,-8.592020330789364
r750,-5.101362392549561,-3.921932126102915,-2.4502719372576274
r751,-6.090582384551691,-1.5724229807242913,-1.9546590836871132
r752,-1.8887479883054978,2.324851220506484,-8.730745692438212
r753,-3.628311497770319,-7.510901914346798,-9.763887585109508
r754,-5.098173266910828,6.0080738123565425,-9.79725751373377
r755,1.4095279401093772,-1.432332958127256,4.035978284744784
r756,-2.0455703900147575,-8.008322398969513,-8.451205557780163
r757,-0.459547291845823,-1.8415013959535187,5.150433325752334
r758,1.3426035619313643,0.10450829037760045,2.124586210917214
r759,-6.787440273382788,-1.3192982421522332,-1.8325407033672714
r760,0.5955509450697392,-0.5169955969763025,4.4256888658627345
r761,-4.613093305349955,-6.849262661621795,-7.669123220990221
r762,-5.353521134489964,-3.843925077639162,-3.813106273124614
r763,-0.03605702991879178,-3.0167752259432525,3.6497784220455145
r764,1.955688737028572,-0.20310971806327727,2.158051705270159
r765,-2.2812267536856443,4.682207912876757,-11.088387390311208
r766,-6.118329684240647,6.911556839623409,-8.845980596104761
r767,-6.949694702775872,6.862773592011846,-10.415515669832246
r768,-4.603950799006217,-4.797000578831423,-2.1183977370794245
r769,-1.7220514992491365,2.6678355738477775,-9.894549507213132
r770,-1.7515332049543932,6.320310256412206,-9.66691537400021
r771,-3.688091303918732,-7.9067255376147365,-8.000784231712114
r772,-6.057274014772582,-2.3528015978845165,-1.3239026939081824
r773,-1.9258968810871142,4.0346747442022055,-10.40511980360061
r774,-5.883977148801712,6.6957298232781115,-9.095778188881548
r775,-4.855578537582517,8.213783420928296,-10.450789636145107
r776,1.6035195361676535,-1.2603111069707498,3.5886226273789457
r777,-3.425708816476564,-7.246894511395793,-5.09444591466162
r778,-3.508934976953808,-7.101047693508846,-8.598802268494927
r779,-5.461472769939526,7.539239373300821,-9.58661060482158
r780,-2.857064770632763,1.6806259267295056,-8.59336501813243
r781,-4.693236192107131,-3.5730454863292693,-2.5825125864535874
r782,-7.179339378632953,-2.2880197951747627,-2.608659789509237
r783,-5.421235038585488,-2.994862309766141,-1.2936100205205814
r784,-1.536434857054967,3.036890083028753,-10.665130750017205
r785,2.5919672574416968,-2.57160785218872,3.923385759275526
r786,2.3157389812486406,-0.9559504690381753,2.8531157459051255
r787,-0.9651095129503287,4.8229063733960205,-10.36337814077539
r788,0.7015733169673848,-2.3886931878481263,3.2438440894696257
r789,-3.2820388418453206,4.970345845074851,-8.101921116653315
r790,-3.967154108444264,8.763607013456497,-9.077718369591908
r791,-7.351291146397688,7.891888417965145,-9.851363424552009
r792,-3.474622675932739,5.090739368914707,-9.965679975479691
r793,-5.920013753248066,-1.862259453791448,-4.117304261655894
r794,-5.11313646456977,8.677924416812802,-8.185958195366167
r795,2.0647337441105327,-1.4493969471926904,5.488746125512074
r796,-5.593441319491182,-7.175784659574495,-7.678477842643648
r797,-3.9818645062374203,-5.5305760704537485,-9.341896978527792
r798,-1.5793093182037625,4.634728642281201,-10.878189299902632
r799,-2.5649905653134715,6.034916363860328,-11.377939701617453
r800,-3.0101176213525243,5.237054538418507,-9.884494463168007
r801,-6.630400764875129,-3.2127495311588357,-3.263250348511895
r802,-2.0443087572403833,4.421679014197149,-10.81033224773775
r803,-1.6710074112960012,-6.566300286885357,-8.600194941595936
r804,-3.5545501319914723,-7.09000940201765,-6.897235363536726
r805,2.837193704102765,-1.960887815206167,4.293038850383472
r806,-6.234788155930313,7.741243782809006,-8.705286502528176
r807,0.3824688410504615,4.854010559736682,-9.314328273058415
r808,-0.262919794415567,-2.301780093436594,2.917762094890398
r809,1.4594547257064852,-1.1837201604272736,2.9442713374431575
r810,-7.684866851469214,7.092006831157581,-8.939562056594644
r811,-3.7953631077075016,-7.04634118076874,-7.6410823066976015
r812,-4.245592860211368,-7.222690341158113,-8.53842700065024
r813,-2.4010141142223365,5.725081139960939,-10.307382375005478
r814,-6.147996984400275,8.479827459330986,-10.484172703993334
r815,-5.685053936703326,8.536702994020647,-7.482893348517811
r816,-2.8051828404581114,6.035677179233361,-9.844975799788685
r817,1.1509818373005827,-1.1690538899735836,3.0383314091730806
r818,-6.542086341523668,7.731354908308985,-10.44445459812104
r819,-6.104003791335687,-2.4658838909561847,-1.5782065398848186
r820,-5.976461049385521,9.411670243680462,-7.897734337469377
r821,0.9196517593392821,0.3929267097401432,4.482637271928995
r822,-4.109623949421305,-7.307814953609462,-9.553424318491443
r823,-6.1556499668083315,6.737244356316849,-9.670928982392866
r824,0.7269713346581969,-2.0740389158295804,4.242935588075904
r825,-5.510987177021001,7.007507586777102,-9.891244281088566
r826,-5.9963539520959035,-1.1085896394765837,-1.7156721236508754
r827,0.16621387651962727,4.044296008666743,-10.19928917333119
r828,-1.4313828484921312,5.747523550405261,-8.846171818454282
r829,-7.574775619991944,6.584275140543874,-9.904401665436987
r830,-4.656510180257398,-5.956886055458316,-7.856789674208528
r831,3.17241164428612,0.07624201102993022,3.3573977826264874
r832,-6.880317867519364,7.301478214500131,-9.678150611072345
r833,0.3242862665119532,-0.6678254961044026,2.5409228868807774
r834,-6.77725385543891,7.289570816669003,-7.1964432211768905
r835,-6.790709828729647,-2.4334210234702733,-0.6461074321925453
r836,-5.7527174595401185,-3.6666061030488657,-1.8044085130859773
r837,0.9281013412665894,-1.0204495627572638,3.010060673825088
r838,-1.9102648154949091,4.354959941038442,-9.98458359668059
r839,2.2506738335585306,-1.6664894584447851,4.053634926010273
r840,2.453882011410676,-1.2461665219731084,4.556796744285375
r841,-4.151046921573288,-7.17313599667732,-7.124472079139316
r842,-3.989148745742206,-3.171460146994094,-0.9955529907763834
r843,-6.809801106849583,-4.654873881910588,-3.522161069871165
r844,-6.231920282146468,7.383916470350508,-11.288059391157013
r845,-0.8815258065898591,4.6413438827548905,-9.567617175919356
r846,0.31510310759612736,-2.305518046140316,2.515678011288596
r847,1.4172411615190277,-1.1909259236768912,2.368131383753852
r848,-5.335084488089393,-8.224900964963458,-9.226151913567431
r849,-4.07683073253307,6.549171096463084,-10.841804374731105
r850,-6.387898438756895,7.695513470367476,-7.55434928919459
r851,-7.017659175103952,-2.729270178803059,-2.0363400705278156
r852,-3.132294308633954,-5.489078580458954,-9.061205093174424
r853,-1.0724869870930882,4.14132775241049,-10.977994107626781
r854,-0.6713434659585397,4.589593938267728,-9.073719510851998
r855,1.7443001973516312,-1.611932359676625,3.7138306534157244
r856,-0.05905901717867279,-1.6729718120032897,3.508894830554013
r857,2.7931710895218167,-3.451989239214506,4.570228291698293
r858,0.9083167698500392,-1.9070263810077037,3.6296465758951975
r859,-1.4783456393131225,4.970834734421619,-10.564222732951846
r860,-8.178571702767629,-2.966770064410615,-2.3772237121139295
r861,-7.453535869887439,7.718413274034319,-11.943705811726435
r862,-6.324990251946222,-0.9548382189285394,-0.8113790763961617
r863,-0.47420491128423614,-2.3438749590778096,4.283201326605046
r864,-1.093805580407126,4.456918536737504,-10.302885703123557
r865,-6.128411250672932,-2.6162814203352482,-2.8226714227707435
r866,-2.628738758822519,-7.430102277052537,-8.504358948409582
r867,-3.060813533747003,-6.00870451035262,-9.135774134373403
r868,-6.881610852545181,-3.9419087401035977,-2.0597484383149482
r869,-8.17238792925004,-3.6293115129657627,-1.5045374635682207
r870,-5.888850055669729,5.20995806948064,-9.465816164559282
r871,-7.015701642491456,6.226036747403447,-9.230495809421726
r872,-7.131196813332238,-4.096134896145403,-0.9458268668367404
r873,-0.6331768310282035,-0.27096073361450634,2.3268801477905825
r874,-3.0714689680905822,-8.399395459034785,-7.791874634860581
r875,-6.586797541971744,7.455628904098273,-12.142923487778216
r876,-2.9579962512152926,-7.4126691281821335,-9.544847531133614
r877,-1.9897228559075941,-9.560114300505536,-9.239710300906632
r878,-2.375059395794824,-7.653718198544108,-7.9986742737127985
r879,-4.835974318286389,-4.766060688980245,-8.220117927394947
r880,0.6463680696702298,-2.8065533950303276,4.521900426912982
r881,-6.961815952560315,8.991301226699306,-8.385119406218463
r882,-0.8077548020610217,4.325685899135941,-10.725327622922888
r883,-6.519340138288098,8.740355585837149,-9.461910091125704
r884,-5.8979256238645155,-1.1468740000352737,0.048411239259408934
r885,-2.4554529483441985,5.126722356998841,-8.5061008399143
r886,-6.260556183452919,7.316012472796072,-8.799913245119866
r887,-3.8679237725976163,4.16987416192562,-8.262286347266471
r888,-2.422372264968096,5.288855031354946,-10.83653474955928
r889,-0.1782897183742841,-1.178972939904864,3.6456409958504903
r890,-4.288132056838172,-6.4476391601512715,-9.372975000356476
r891,-5.3862927124110715,-3.7287320395063794,-3.3016216489256656
r892,-4.1319614645950145,-5.301879385653593,-7.161721916391817
r893,-3.0380173210612327,-7.671830407520549,-7.239214666395842
r894,1.613529732655723,-4.717559323564904,3.852236711843758
r895,-3.2716586185612,-9.025749335109793,-10.448738298049314
r896,-4.383098532431489,-7.342008846636954,-6.271832463802425
r897,-3.2591863099694307,6.916617758466808,-9.108219705259444
r898,-5.717200873281387,-2.540530875060944,-1.6822071720794676
r899,-3.9633519990947668,-8.313346342045275,-8.979313885683514
r900,-0.07079983214344898,-0.5517541513080455,4.524236414225769
r901,-6.4143551516419395,8.716501627381042,-8.984309314116238
r902,-0.7055435237683053,4.055113055788585,-8.896816345868928
r903,-3.32265762198212,-7.032009953312226,-8.106567527787693
r904,-4.7716078174605885,-3.8260716789433387,-1.7522269260099632
r905,-6.901097287793789,8.489700570444347,-9.718816152912654
r906,-6.524917343319939,6.203891306634917,-11.031872749116987
r907,-3.3662976599266967,2.8614128008113546,-8.99031997554029
r908,-6.246996785261669,7.681065334143892,-8.205007536990514
r909,-4.7777046583014915,8.690766305499436,-10.056516913665659
r910,-5.09737826428877,-7.261934988782486,-9.357392308420753
r911,-3.168475605670122,4.817260821872796,-10.058185845531451
r912,-1.5583828684729861,5.504728002754565,-9.882557097590702
r913,-4.166338345711632,-7.1943663200198396,-7.088555308604112
r914,-1.3212551414309504,4.684566494934004,-8.773746621227616
r915,-0.8177622186534317,3.3649229687880435,-9.355487593606314
r916,-6.867459784977154,8.387609022084,-7.327567863599546
r917,0.9863607980129661,-2.6526663248681532,4.125411518771194
r918,-7.716436287489207,-3.9941380063993694,-3.3613578582117642
r919,-0.6382372683168769,-2.5211205148551734,5.8317040881018976
r920,-7.5428308415199545,-2.885396968502622,-0.2496576378699309
r921,-2.069767423630298,6.7033559712760855,-8.309215449456824
r922,-5.716819205455471,-3.9601744435412956,-2.7815787774253744
r923,-5.242985062313139,7.562364786543499,-10.045339302559167
r924,-4.231707481744214,-7.457336266647459,-9.592524547798966
r925,-0.5689224057443392,-2.742109482640699,2.600726554815237
r926,-1.5187867250398306,6.174090822793664,-10.785486245120026
r927,0.7174890562282851,-2.625433455628098,3.7677385296153245
r928,-6.572674233867619,6.396357485047648,-8.8002323105749
r929,-5.172059322711713,7.504898077392529,-7.870193989729115
r930,-5.014190461318695,6.932315123040472,-8.099680522100593
r931,-5.649517042129997,6.9758682798902365,-9.958526843962018
r932,1.343681196047582,-0.7007618300620164,2.2016292136782925
r933,-6.118173249834755,9.666110732952454,-9.518863930051639
r934,-5.2239481495767,-7.789087990852646,-8.076315036699992
r935,-3.5091674974357767,-7.659308120179588,-7.947682870655483
r936,-2.476149244077427,5.008116910389995,-8.72192438329945
r937,-1.1263879231489242,3.8213568307549486,-10.558249422040232
r938,0.6549076163859051,0.24840394510832575,2.8710982507353613
r939,-4.855158530063635,-7.375464970667659,-9.304871520265012
r940,0.15703407420765692,-1.0561078900667051,3.434882718555452
r941,0.8556695837125387,-2.8843441438392095,3.4424152758023268
r942,-5.777015336260274,6.643762938861703,-11.547838955216887
r943,-6.980011927417097,-3.1611728553556246,-4.803839983471892
r944,0.2928087736914725,-3.6364360518074847,3.3719428975833594
r945,-5.974833546617654,-4.162057921267147,-2.0626013299442314
r946,-2.4473619583833353,3.092275045227735,-9.799103122393443
r947,-5.624179375248103,7.395843578659965,-8.754759939972383
r948,-2.584710215113634,-7.0055589610178535,-8.200820141927025
r949,-1.9346082797571347,3.411248903655866,-9.644649417179789
r950,-6.138411813639148,7.970576926101229,-10.634017290353173
r951,-6.194191388841021,-1.6701043319942295,-1.442304380920203
r952,-6.051412644067158,-2.217477831358539,-2.672900389968184
r953,-5.02806544739317,7.243144631040484,-9.026567538329154
r954,-4.548243349691414,7.272436775445521,-7.685429944307868
r955,-5.978266152421059,-2.816979292776666,-3.5069795877963426
r956,0.5695664237520586,-1.1839423824057782,4.051487013069866
r957,-6.758661250021769,-3.0613239827340673,-3.844096876440488
r958,-4.08823917561628,8.169232557415274,-9.322492124025406
r959,-1.082165548456001,-1.4270420968552118,5.327928043752142
r960,-2.532880372335528,4.702053161398552,-9.766208553404237
r961,-2.5074814170373863,-5.8830096458278,-8.824604902835258
r962,-1.8909641441993843,4.160049859108165,-9.22974579957251
r963,-5.32094534734026,-3.932679709525356,-3.0926240790703794
r964,-1.6545994488838918,3.5729326027687076,-10.377071394916145
r965,-5.711215970608931,-4.937213787041788,-0.6379865388311132
r966,-4.574098798379485,-6.090779336112125,-8.021136201673595
r967,-5.59590078395246,8.307436186839524,-9.934355039351834
r968,-2.003884859471251,5.311448543633841,-9.693496547501638
r969,-7.542138102694409,6.4206949601381496,-9.875273321554635
r970,-3.5826023605234454,-5.992090383135827,-9.788270124036249
r971,-0.929584309534675,4.779483657906077,-9.463901591370538
r972,-5.3202329944758295,-2.1688324986807617,-2.176387114903933
r973,-5.935383157622252,-3.216373140909238,-1.7613586687346179
r974,2.146213019028684,-2.653608509338108,4.192594475938064
r975,-1.730432804256639,3.665053779929109,-10.586237550037854
r976,-4.282149099296239,-8.161125541197242,-6.632310158305328
r977,-7.586132451459926,-2.521735817159879,-1.6783297027527067
r978,2.955045129745056,-0.45123066072736795,3.291795719385673
r979,0.5584528523704356,-0.816795588926734,4.246182637516455
r980,0.6848697791898051,0.1532571823195059,5.490890662785326
r981,0.5858389437951608,-1.4659000000997324,4.9759851299328846
r982,-6.588918692508784,-2.432095493215124,-0.15537521801171716
r983,-5.923674280146907,-3.147041249216986,-2.859215007016627
r984,-6.104058367220114,8.922111530819956,-8.282428715889196
r985,-0.39600560529880324,-2.296340523990731,5.393371080432687
r986,-5.490898847820023,7.707453633130522,-9.929089303947038
r987,-0.9000972692298965,4.819180044814111,-8.829875671346763
r988,-7.311246068220594,6.165794742577235,-9.736455237855782
r989,-6.82706489015033,-2.150319150573394,-0.76429333920226
r990,-6.058165146973585,-3.8085445197566044,-2.8664576022077535
r991,0.7797784839318459,-1.2482397766158386,3.172475177507476
r992,-0.5339625550907543,-0.6883070371944808,3.731433008375068
r993,-6.044601673019612,-7.271611204163205,-8.453617421375583
r994,-3.7205566055002595,-8.872242371764385,-7.483107908116677
r995,-6.391964045396969,7.468226618206088,-9.707722693179056
r996,-2.6544942464759362,-7.5431849634163886,-9.347506716484773
r997,-4.648671947914957,5.7746468298921485,-9.412829803372382
r998,-6.269801213354387,8.153179136981443,-10.819255323858552
r999,1.9837739955288634,-1.357067753505455,2.9047431181111225
